[{"firstName":"Terrance","lastName":"Wandrach","email":"twandrach0@discuz.net","location":"2 Ilene Way","registeredOn":"2020-11-08T11:58:26Z","phone":"6196610362","password":"aa","_id":{"$oid":"60812b97fc13ae5bb6000a5a"}},
{"firstName":"Lynn","lastName":"Klimov","email":"lklimov1@pcworld.com","location":"9 Dexter Court","registeredOn":"2020-07-18T12:39:19Z","phone":"7298650782","password":"aa","_id":{"$oid":"60812b97fc13ae5bb6000a5b"}},
{"firstName":"Case","lastName":"Brassill","email":"cbrassill2@dedecms.com","location":"02 Mayer Parkway","registeredOn":"2020-10-23T21:17:30Z","phone":"2059526993","password":"aa","_id":{"$oid":"60812b97fc13ae5bb6000a5c"}},
{"firstName":"Teddy","lastName":"Casserley","email":"tcasserley3@thetimes.co.uk","location":"8 Dayton Circle","registeredOn":"2020-11-26T02:03:34Z","phone":"3526849659","password":"aa","_id":{"$oid":"60812b97fc13ae5bb6000a5d"}},
{"firstName":"Sig","lastName":"Reisk","email":"sreisk4@blogspot.com","location":"9 Grayhawk Lane","registeredOn":"2020-10-26T19:21:53Z","phone":"1278034341","password":"aa","_id":{"$oid":"60812b97fc13ae5bb6000a5e"}},
{"firstName":"Gottfried","lastName":"Simone","email":"gsimone5@infoseek.co.jp","location":"53 Lakewood Gardens Court","registeredOn":"2020-06-25T09:52:16Z","phone":"2657972223","password":"aa","_id":{"$oid":"60812b97fc13ae5bb6000a5f"}},
{"firstName":"Hilario","lastName":"Raddon","email":"hraddon6@t.co","location":"455 5th Plaza","registeredOn":"2020-10-05T00:18:41Z","phone":"7269642103","password":"aa","_id":{"$oid":"60812b97fc13ae5bb6000a60"}},
{"firstName":"Hugo","lastName":"Hyndman","email":"hhyndman7@google.ca","location":"47012 Ilene Road","registeredOn":"2020-07-24T20:36:04Z","phone":"7943474700","password":"aa","_id":{"$oid":"60812b97fc13ae5bb6000a61"}},
{"firstName":"Lambert","lastName":"Dovidaitis","email":"ldovidaitis8@123-reg.co.uk","location":"42772 Bunker Hill Road","registeredOn":"2020-09-08T15:51:21Z","phone":"6274180069","password":"aa","_id":{"$oid":"60812b97fc13ae5bb6000a62"}},
{"firstName":"Ricoriki","lastName":"Cassin","email":"rcassin9@github.io","location":"9 Main Avenue","registeredOn":"2021-01-18T08:38:19Z","phone":"5079891996","password":"aa","_id":{"$oid":"60812b97fc13ae5bb6000a63"}},
{"firstName":"Garwin","lastName":"Daborne","email":"gdabornea@tiny.cc","location":"773 Westridge Center","registeredOn":"2020-09-03T07:26:17Z","phone":"6212815341","password":"aa","_id":{"$oid":"60812b97fc13ae5bb6000a64"}},
{"firstName":"Leonidas","lastName":"Riggeard","email":"lriggeardb@digg.com","location":"7842 Cordelia Parkway","registeredOn":"2020-06-19T04:13:28Z","phone":"9807352701","password":"aa","_id":{"$oid":"60812b97fc13ae5bb6000a65"}},
{"firstName":"Nappy","lastName":"Barizeret","email":"nbarizeretc@goodreads.com","location":"63 Lunder Point","registeredOn":"2020-12-04T20:59:55Z","phone":"3978355818","password":"aa","_id":{"$oid":"60812b97fc13ae5bb6000a66"}},
{"firstName":"Horace","lastName":"Primett","email":"hprimettd@imageshack.us","location":"2 3rd Center","registeredOn":"2020-07-22T14:17:33Z","phone":"1692079342","password":"aa","_id":{"$oid":"60812b97fc13ae5bb6000a67"}},
{"firstName":"Staffard","lastName":"Cicutto","email":"scicuttoe@guardian.co.uk","location":"4618 Mayer Alley","registeredOn":"2021-01-15T14:22:39Z","phone":"5679012798","password":"aa","_id":{"$oid":"60812b97fc13ae5bb6000a68"}},
{"firstName":"Puff","lastName":"MacIntosh","email":"pmacintoshf@adobe.com","location":"083 Elmside Center","registeredOn":"2020-06-02T05:01:58Z","phone":"6237692436","password":"aa","_id":{"$oid":"60812b97fc13ae5bb6000a69"}},
{"firstName":"Denys","lastName":"Lambeth","email":"dlambethg@addtoany.com","location":"90 Schlimgen Junction","registeredOn":"2021-02-02T19:20:03Z","phone":"3385107608","password":"aa","_id":{"$oid":"60812b97fc13ae5bb6000a6a"}},
{"firstName":"Nicolas","lastName":"Wearden","email":"nweardenh@unblog.fr","location":"73 Menomonie Trail","registeredOn":"2020-12-16T07:42:54Z","phone":"7968333485","password":"aa","_id":{"$oid":"60812b97fc13ae5bb6000a6b"}},
{"firstName":"Ric","lastName":"Suermeier","email":"rsuermeieri@ucoz.ru","location":"2563 Dapin Lane","registeredOn":"2020-09-02T12:32:45Z","phone":"6603789555","password":"aa","_id":{"$oid":"60812b97fc13ae5bb6000a6c"}},
{"firstName":"Sandro","lastName":"Caveney","email":"scaveneyj@youtube.com","location":"59 Erie Drive","registeredOn":"2021-02-26T04:03:50Z","phone":"9066788756","password":"aa","_id":{"$oid":"60812b97fc13ae5bb6000a6d"}},
{"firstName":"Bondy","lastName":"Bartolomucci","email":"bbartolomuccik@techcrunch.com","location":"24553 Talmadge Lane","registeredOn":"2021-02-25T07:55:04Z","phone":"1946547313","password":"aa","_id":{"$oid":"60812b97fc13ae5bb6000a6e"}},
{"firstName":"Shermy","lastName":"McVaugh","email":"smcvaughl@marriott.com","location":"7807 Armistice Point","registeredOn":"2020-12-21T05:34:33Z","phone":"6113930221","password":"aa","_id":{"$oid":"60812b97fc13ae5bb6000a6f"}},
{"firstName":"Allen","lastName":"Tyre","email":"atyrem@rediff.com","location":"8045 Melvin Street","registeredOn":"2021-01-12T19:45:15Z","phone":"5451045271","password":"aa","_id":{"$oid":"60812b97fc13ae5bb6000a70"}},
{"firstName":"Grace","lastName":"Spearman","email":"gspearmann@plala.or.jp","location":"0 Green Ridge Circle","registeredOn":"2020-09-09T04:34:09Z","phone":"2227900035","password":"aa","_id":{"$oid":"60812b97fc13ae5bb6000a71"}},
{"firstName":"Freedman","lastName":"Yesichev","email":"fyesichevo@mlb.com","location":"60753 Victoria Plaza","registeredOn":"2020-09-29T18:37:35Z","phone":"4012887391","password":"aa","_id":{"$oid":"60812b97fc13ae5bb6000a72"}},
{"firstName":"Marlowe","lastName":"Leynagh","email":"mleynaghp@tinyurl.com","location":"973 Division Parkway","registeredOn":"2020-10-02T15:56:42Z","phone":"9151599198","password":"aa","_id":{"$oid":"60812b97fc13ae5bb6000a73"}},
{"firstName":"Julio","lastName":"Wesgate","email":"jwesgateq@histats.com","location":"128 Vidon Point","registeredOn":"2020-08-23T07:00:55Z","phone":"5695495755","password":"aa","_id":{"$oid":"60812b97fc13ae5bb6000a74"}},
{"firstName":"Gerald","lastName":"Strowther","email":"gstrowtherr@wisc.edu","location":"3 Bunting Avenue","registeredOn":"2021-01-11T12:05:15Z","phone":"9517707673","password":"aa","_id":{"$oid":"60812b97fc13ae5bb6000a75"}},
{"firstName":"Humberto","lastName":"Brimson","email":"hbrimsons@ameblo.jp","location":"51 Hallows Park","registeredOn":"2021-02-24T04:52:58Z","phone":"8847604617","password":"aa","_id":{"$oid":"60812b97fc13ae5bb6000a76"}},
{"firstName":"Dory","lastName":"Woolger","email":"dwoolgert@businessweek.com","location":"770 Fairfield Hill","registeredOn":"2020-09-20T05:47:16Z","phone":"3103581558","password":"aa","_id":{"$oid":"60812b97fc13ae5bb6000a77"}},
{"firstName":"Lonnie","lastName":"Ogles","email":"loglesu@businesswire.com","location":"9483 Arizona Alley","registeredOn":"2020-12-02T14:50:13Z","phone":"8196091863","password":"aa","_id":{"$oid":"60812b97fc13ae5bb6000a78"}},
{"firstName":"Nathan","lastName":"Lickess","email":"nlickessv@stanford.edu","location":"2939 Dawn Hill","registeredOn":"2021-01-07T00:47:12Z","phone":"3222531387","password":"aa","_id":{"$oid":"60812b97fc13ae5bb6000a79"}},
{"firstName":"Cesaro","lastName":"Laws","email":"clawsw@ihg.com","location":"99 Elmside Avenue","registeredOn":"2020-05-13T12:08:30Z","phone":"9158712147","password":"aa","_id":{"$oid":"60812b97fc13ae5bb6000a7a"}},
{"firstName":"Humfrid","lastName":"Kleisle","email":"hkleislex@squidoo.com","location":"4 Boyd Street","registeredOn":"2020-06-23T04:07:32Z","phone":"7273829594","password":"aa","_id":{"$oid":"60812b97fc13ae5bb6000a7b"}},
{"firstName":"Gregg","lastName":"Gowthorpe","email":"ggowthorpey@ow.ly","location":"925 Meadow Valley Hill","registeredOn":"2020-07-09T23:29:06Z","phone":"5833955838","password":"aa","_id":{"$oid":"60812b97fc13ae5bb6000a7c"}},
{"firstName":"Lamar","lastName":"Smethurst","email":"lsmethurstz@forbes.com","location":"6 Crownhardt Center","registeredOn":"2021-04-10T10:22:41Z","phone":"9783053336","password":"aa","_id":{"$oid":"60812b97fc13ae5bb6000a7d"}},
{"firstName":"Linus","lastName":"Peskin","email":"lpeskin10@bbb.org","location":"57 Manley Alley","registeredOn":"2020-06-24T00:41:44Z","phone":"9006252133","password":"aa","_id":{"$oid":"60812b97fc13ae5bb6000a7e"}},
{"firstName":"Derk","lastName":"Dormer","email":"ddormer11@yandex.ru","location":"0 Forest Run Center","registeredOn":"2020-10-13T15:25:54Z","phone":"4244751459","password":"aa","_id":{"$oid":"60812b97fc13ae5bb6000a7f"}},
{"firstName":"Ashton","lastName":"Vitler","email":"avitler12@ocn.ne.jp","location":"24335 Manufacturers Trail","registeredOn":"2020-10-14T17:41:42Z","phone":"9164621507","password":"aa","_id":{"$oid":"60812b97fc13ae5bb6000a80"}},
{"firstName":"Corny","lastName":"Pengelly","email":"cpengelly13@senate.gov","location":"031 Ilene Hill","registeredOn":"2020-11-15T18:18:41Z","phone":"2851655889","password":"aa","_id":{"$oid":"60812b97fc13ae5bb6000a81"}},
{"firstName":"Benyamin","lastName":"Shiell","email":"bshiell14@zdnet.com","location":"9105 Forest Parkway","registeredOn":"2020-05-18T22:42:09Z","phone":"2476994909","password":"aa","_id":{"$oid":"60812b97fc13ae5bb6000a82"}},
{"firstName":"Rickard","lastName":"Daniau","email":"rdaniau15@cafepress.com","location":"1084 Westridge Alley","registeredOn":"2021-04-11T22:14:12Z","phone":"6465175281","password":"aa","_id":{"$oid":"60812b97fc13ae5bb6000a83"}},
{"firstName":"Chandler","lastName":"Land","email":"cland16@fc2.com","location":"28 Mosinee Street","registeredOn":"2020-10-18T21:43:40Z","phone":"7585084877","password":"aa","_id":{"$oid":"60812b97fc13ae5bb6000a84"}},
{"firstName":"Pattie","lastName":"Llewellin","email":"pllewellin17@i2i.jp","location":"573 Trailsway Lane","registeredOn":"2021-03-13T19:28:52Z","phone":"2485665784","password":"aa","_id":{"$oid":"60812b97fc13ae5bb6000a85"}},
{"firstName":"Hurley","lastName":"Toppin","email":"htoppin18@cam.ac.uk","location":"13167 Buhler Lane","registeredOn":"2020-12-10T20:17:24Z","phone":"8017921543","password":"aa","_id":{"$oid":"60812b97fc13ae5bb6000a86"}},
{"firstName":"Burty","lastName":"Milbank","email":"bmilbank19@posterous.com","location":"0294 Westport Park","registeredOn":"2020-07-25T22:20:13Z","phone":"4781531081","password":"aa","_id":{"$oid":"60812b97fc13ae5bb6000a87"}},
{"firstName":"Conant","lastName":"Lyosik","email":"clyosik1a@artisteer.com","location":"4 Division Hill","registeredOn":"2021-02-13T15:55:15Z","phone":"4974390352","password":"aa","_id":{"$oid":"60812b97fc13ae5bb6000a88"}},
{"firstName":"Del","lastName":"Demaid","email":"ddemaid1b@artisteer.com","location":"4155 Iowa Alley","registeredOn":"2020-04-22T13:02:45Z","phone":"2621970416","password":"aa","_id":{"$oid":"60812b97fc13ae5bb6000a89"}},
{"firstName":"Kendall","lastName":"Harkus","email":"kharkus1c@si.edu","location":"20115 Doe Crossing Hill","registeredOn":"2020-07-03T18:25:33Z","phone":"3999577098","password":"aa","_id":{"$oid":"60812b97fc13ae5bb6000a8a"}},
{"firstName":"Hillie","lastName":"Dunning","email":"hdunning1d@cbslocal.com","location":"98463 Schmedeman Junction","registeredOn":"2020-11-21T22:46:46Z","phone":"5843332165","password":"aa","_id":{"$oid":"60812b97fc13ae5bb6000a8b"}},
{"firstName":"Yehudit","lastName":"McGannon","email":"ymcgannon1e@bbc.co.uk","location":"4 Melby Circle","registeredOn":"2020-12-21T23:16:10Z","phone":"4507774747","password":"aa","_id":{"$oid":"60812b97fc13ae5bb6000a8c"}},
{"firstName":"Gardner","lastName":"Artist","email":"gartist1f@oakley.com","location":"0750 Hoepker Trail","registeredOn":"2021-03-07T10:07:00Z","phone":"2216365390","password":"aa","_id":{"$oid":"60812b97fc13ae5bb6000a8d"}},
{"firstName":"Joey","lastName":"Broome","email":"jbroome1g@mapy.cz","location":"3611 Ilene Avenue","registeredOn":"2020-10-08T20:16:46Z","phone":"7574667058","password":"aa","_id":{"$oid":"60812b97fc13ae5bb6000a8e"}},
{"firstName":"Fairfax","lastName":"Backen","email":"fbacken1h@skype.com","location":"94 Tomscot Way","registeredOn":"2020-11-18T10:14:49Z","phone":"1721160469","password":"aa","_id":{"$oid":"60812b97fc13ae5bb6000a8f"}},
{"firstName":"Ginger","lastName":"Rugieri","email":"grugieri1i@google.com","location":"1 Chive Pass","registeredOn":"2020-08-01T17:52:19Z","phone":"8993383722","password":"aa","_id":{"$oid":"60812b97fc13ae5bb6000a90"}},
{"firstName":"Connor","lastName":"MacDonough","email":"cmacdonough1j@privacy.gov.au","location":"54 Service Plaza","registeredOn":"2020-06-30T14:52:22Z","phone":"4958517440","password":"aa","_id":{"$oid":"60812b97fc13ae5bb6000a91"}},
{"firstName":"Yuma","lastName":"Tissell","email":"ytissell1k@nytimes.com","location":"14881 Lillian Avenue","registeredOn":"2021-04-07T20:22:03Z","phone":"5753693619","password":"aa","_id":{"$oid":"60812b97fc13ae5bb6000a92"}},
{"firstName":"Granger","lastName":"Shelper","email":"gshelper1l@usda.gov","location":"7023 Susan Hill","registeredOn":"2020-12-03T04:54:41Z","phone":"1229513938","password":"aa","_id":{"$oid":"60812b97fc13ae5bb6000a93"}},
{"firstName":"Christos","lastName":"Challin","email":"cchallin1m@unblog.fr","location":"857 3rd Point","registeredOn":"2020-07-14T21:12:27Z","phone":"2938099925","password":"aa","_id":{"$oid":"60812b97fc13ae5bb6000a94"}},
{"firstName":"Dallis","lastName":"Morefield","email":"dmorefield1n@psu.edu","location":"87568 Oneill Park","registeredOn":"2020-06-26T06:11:23Z","phone":"8553500471","password":"aa","_id":{"$oid":"60812b97fc13ae5bb6000a95"}},
{"firstName":"Bartholomew","lastName":"Elt","email":"belt1o@meetup.com","location":"8 Mariners Cove Plaza","registeredOn":"2020-07-20T10:36:09Z","phone":"9472767515","password":"aa","_id":{"$oid":"60812b97fc13ae5bb6000a96"}},
{"firstName":"Van","lastName":"Markson","email":"vmarkson1p@xrea.com","location":"62091 Meadow Valley Court","registeredOn":"2020-12-23T15:37:37Z","phone":"6767825135","password":"aa","_id":{"$oid":"60812b97fc13ae5bb6000a97"}},
{"firstName":"Godard","lastName":"Duckering","email":"gduckering1q@biglobe.ne.jp","location":"459 Talisman Parkway","registeredOn":"2020-07-09T19:22:00Z","phone":"5492903434","password":"aa","_id":{"$oid":"60812b97fc13ae5bb6000a98"}},
{"firstName":"Jereme","lastName":"Chastney","email":"jchastney1r@mashable.com","location":"5 Summer Ridge Crossing","registeredOn":"2020-07-18T21:32:44Z","phone":"9152766661","password":"aa","_id":{"$oid":"60812b97fc13ae5bb6000a99"}},
{"firstName":"Hastings","lastName":"Janku","email":"hjanku1s@technorati.com","location":"3 Oak Plaza","registeredOn":"2021-04-08T02:21:44Z","phone":"9549782891","password":"aa","_id":{"$oid":"60812b97fc13ae5bb6000a9a"}},
{"firstName":"Farlie","lastName":"Errey","email":"ferrey1t@1688.com","location":"91163 Oriole Crossing","registeredOn":"2021-03-16T12:48:15Z","phone":"6565098055","password":"aa","_id":{"$oid":"60812b97fc13ae5bb6000a9b"}},
{"firstName":"Far","lastName":"Axcel","email":"faxcel1u@typepad.com","location":"04851 Thierer Junction","registeredOn":"2021-01-01T15:52:32Z","phone":"7856578941","password":"aa","_id":{"$oid":"60812b97fc13ae5bb6000a9c"}},
{"firstName":"Vittorio","lastName":"Rockcliffe","email":"vrockcliffe1v@eepurl.com","location":"3660 Twin Pines Park","registeredOn":"2020-10-16T21:08:24Z","phone":"1155611101","password":"aa","_id":{"$oid":"60812b97fc13ae5bb6000a9d"}},
{"firstName":"Caddric","lastName":"Wordsworth","email":"cwordsworth1w@tripadvisor.com","location":"611 Orin Court","registeredOn":"2020-05-12T23:01:22Z","phone":"6349421037","password":"aa","_id":{"$oid":"60812b97fc13ae5bb6000a9e"}},
{"firstName":"Kennith","lastName":"Duchesne","email":"kduchesne1x@answers.com","location":"10 Granby Lane","registeredOn":"2020-10-06T03:11:37Z","phone":"9457458422","password":"aa","_id":{"$oid":"60812b97fc13ae5bb6000a9f"}},
{"firstName":"Cad","lastName":"Tortoise","email":"ctortoise1y@mapy.cz","location":"4 Northview Plaza","registeredOn":"2020-12-27T02:57:06Z","phone":"4835489064","password":"aa","_id":{"$oid":"60812b97fc13ae5bb6000aa0"}},
{"firstName":"Bevin","lastName":"Cloonan","email":"bcloonan1z@cbc.ca","location":"6 Hovde Junction","registeredOn":"2020-08-18T08:22:10Z","phone":"1993495005","password":"aa","_id":{"$oid":"60812b97fc13ae5bb6000aa1"}},
{"firstName":"Fransisco","lastName":"Malarkey","email":"fmalarkey20@youtube.com","location":"86 Bluestem Junction","registeredOn":"2020-04-23T20:47:04Z","phone":"6824714453","password":"aa","_id":{"$oid":"60812b97fc13ae5bb6000aa2"}},
{"firstName":"Steven","lastName":"Aleixo","email":"saleixo21@tripadvisor.com","location":"7802 South Center","registeredOn":"2021-03-08T17:00:54Z","phone":"2252563549","password":"aa","_id":{"$oid":"60812b97fc13ae5bb6000aa3"}},
{"firstName":"Ramsey","lastName":"Gadaud","email":"rgadaud22@quantcast.com","location":"230 Paget Way","registeredOn":"2020-05-04T18:48:10Z","phone":"2142681763","password":"aa","_id":{"$oid":"60812b97fc13ae5bb6000aa4"}},
{"firstName":"Alasteir","lastName":"Josskoviz","email":"ajosskoviz23@dion.ne.jp","location":"7 Mifflin Circle","registeredOn":"2020-11-27T03:41:37Z","phone":"1324895638","password":"aa","_id":{"$oid":"60812b97fc13ae5bb6000aa5"}},
{"firstName":"Tracy","lastName":"Bodesson","email":"tbodesson24@lulu.com","location":"2907 Kennedy Avenue","registeredOn":"2021-03-10T12:29:58Z","phone":"3315062109","password":"aa","_id":{"$oid":"60812b97fc13ae5bb6000aa6"}},
{"firstName":"Fredrick","lastName":"Petrie","email":"fpetrie25@uiuc.edu","location":"5173 Dawn Way","registeredOn":"2020-07-11T15:45:57Z","phone":"2491598210","password":"aa","_id":{"$oid":"60812b97fc13ae5bb6000aa7"}},
{"firstName":"Tommy","lastName":"Everall","email":"teverall26@oaic.gov.au","location":"79813 Loomis Park","registeredOn":"2020-11-24T14:17:36Z","phone":"2064575488","password":"aa","_id":{"$oid":"60812b97fc13ae5bb6000aa8"}},
{"firstName":"Shem","lastName":"Cornwall","email":"scornwall27@unicef.org","location":"532 Acker Center","registeredOn":"2020-11-04T08:27:03Z","phone":"9953882507","password":"aa","_id":{"$oid":"60812b97fc13ae5bb6000aa9"}},
{"firstName":"Ransell","lastName":"Liffey","email":"rliffey28@people.com.cn","location":"25 Westend Place","registeredOn":"2020-11-18T04:54:17Z","phone":"2878891701","password":"aa","_id":{"$oid":"60812b97fc13ae5bb6000aaa"}},
{"firstName":"Rafe","lastName":"Keitley","email":"rkeitley29@freewebs.com","location":"1 Lake View Way","registeredOn":"2021-04-07T23:32:01Z","phone":"7587604725","password":"aa","_id":{"$oid":"60812b97fc13ae5bb6000aab"}},
{"firstName":"Randy","lastName":"MacMeeking","email":"rmacmeeking2a@netvibes.com","location":"47 Jenifer Court","registeredOn":"2020-09-30T15:08:23Z","phone":"6379950538","password":"aa","_id":{"$oid":"60812b97fc13ae5bb6000aac"}},
{"firstName":"Ram","lastName":"Greed","email":"rgreed2b@cyberchimps.com","location":"6 Main Terrace","registeredOn":"2020-07-26T11:29:49Z","phone":"7864667622","password":"aa","_id":{"$oid":"60812b97fc13ae5bb6000aad"}},
{"firstName":"Kelsey","lastName":"Martini","email":"kmartini2c@imageshack.us","location":"69249 Springview Parkway","registeredOn":"2020-12-28T19:26:05Z","phone":"5915017183","password":"aa","_id":{"$oid":"60812b97fc13ae5bb6000aae"}},
{"firstName":"Aldus","lastName":"Bergstrand","email":"abergstrand2d@hp.com","location":"2527 Barnett Avenue","registeredOn":"2020-10-19T10:35:26Z","phone":"3205440881","password":"aa","_id":{"$oid":"60812b97fc13ae5bb6000aaf"}},
{"firstName":"Hurlee","lastName":"Shannon","email":"hshannon2e@github.com","location":"1 Mayfield Way","registeredOn":"2020-07-24T23:57:16Z","phone":"3752748841","password":"aa","_id":{"$oid":"60812b97fc13ae5bb6000ab0"}},
{"firstName":"Carroll","lastName":"Butterfint","email":"cbutterfint2f@ed.gov","location":"91 Coleman Center","registeredOn":"2020-11-25T04:26:54Z","phone":"2468607453","password":"aa","_id":{"$oid":"60812b97fc13ae5bb6000ab1"}},
{"firstName":"Theodore","lastName":"Thirlwall","email":"tthirlwall2g@theglobeandmail.com","location":"68082 West Plaza","registeredOn":"2020-07-11T22:41:44Z","phone":"5302067991","password":"aa","_id":{"$oid":"60812b97fc13ae5bb6000ab2"}},
{"firstName":"Salomo","lastName":"Adin","email":"sadin2h@tumblr.com","location":"19866 Karstens Place","registeredOn":"2020-07-31T18:51:44Z","phone":"1635187770","password":"aa","_id":{"$oid":"60812b97fc13ae5bb6000ab3"}},
{"firstName":"Ingar","lastName":"Edwick","email":"iedwick2i@utexas.edu","location":"8105 Cordelia Drive","registeredOn":"2021-03-03T20:24:20Z","phone":"3503070127","password":"aa","_id":{"$oid":"60812b97fc13ae5bb6000ab4"}},
{"firstName":"Fraze","lastName":"Whistlecraft","email":"fwhistlecraft2j@usgs.gov","location":"6019 Memorial Terrace","registeredOn":"2020-12-21T05:23:27Z","phone":"2099309875","password":"aa","_id":{"$oid":"60812b97fc13ae5bb6000ab5"}},
{"firstName":"Brok","lastName":"Kefford","email":"bkefford2k@ox.ac.uk","location":"9786 Ridge Oak Road","registeredOn":"2020-09-09T19:07:55Z","phone":"5223105430","password":"aa","_id":{"$oid":"60812b97fc13ae5bb6000ab6"}},
{"firstName":"Avram","lastName":"Coslett","email":"acoslett2l@sciencedaily.com","location":"4 Lindbergh Junction","registeredOn":"2020-12-24T15:44:26Z","phone":"3573541067","password":"aa","_id":{"$oid":"60812b97fc13ae5bb6000ab7"}},
{"firstName":"Justis","lastName":"Sturney","email":"jsturney2m@gmpg.org","location":"4718 Delaware Way","registeredOn":"2020-09-15T17:41:01Z","phone":"3464367811","password":"aa","_id":{"$oid":"60812b97fc13ae5bb6000ab8"}},
{"firstName":"Isidro","lastName":"Roizin","email":"iroizin2n@nba.com","location":"166 Sullivan Plaza","registeredOn":"2020-06-23T06:26:24Z","phone":"2428943934","password":"aa","_id":{"$oid":"60812b97fc13ae5bb6000ab9"}},
{"firstName":"Hillel","lastName":"Bunner","email":"hbunner2o@163.com","location":"7 Sugar Road","registeredOn":"2020-09-22T13:04:40Z","phone":"6553232051","password":"aa","_id":{"$oid":"60812b97fc13ae5bb6000aba"}},
{"firstName":"Stanislaw","lastName":"Faulconbridge","email":"sfaulconbridge2p@angelfire.com","location":"00 Duke Lane","registeredOn":"2021-03-24T16:43:30Z","phone":"8446806707","password":"aa","_id":{"$oid":"60812b97fc13ae5bb6000abb"}},
{"firstName":"Bordie","lastName":"Simeonov","email":"bsimeonov2q@infoseek.co.jp","location":"04291 Independence Alley","registeredOn":"2020-09-05T07:48:35Z","phone":"2441276352","password":"aa","_id":{"$oid":"60812b97fc13ae5bb6000abc"}},
{"firstName":"Amos","lastName":"Rayhill","email":"arayhill2r@independent.co.uk","location":"207 Garrison Pass","registeredOn":"2020-10-19T02:52:10Z","phone":"7403469965","password":"aa","_id":{"$oid":"60812b97fc13ae5bb6000abd"}},
{"firstName":"Reagen","lastName":"Spence","email":"rspence2s@sbwire.com","location":"3 Washington Drive","registeredOn":"2021-03-22T07:57:24Z","phone":"4382254496","password":"aa","_id":{"$oid":"60812b97fc13ae5bb6000abe"}},
{"firstName":"Bill","lastName":"Lettley","email":"blettley2t@state.gov","location":"3 Claremont Park","registeredOn":"2020-08-11T17:32:55Z","phone":"6579501296","password":"aa","_id":{"$oid":"60812b97fc13ae5bb6000abf"}},
{"firstName":"Gustavus","lastName":"Dalloway","email":"gdalloway2u@oracle.com","location":"46 3rd Plaza","registeredOn":"2021-03-05T04:27:11Z","phone":"5504216224","password":"aa","_id":{"$oid":"60812b97fc13ae5bb6000ac0"}},
{"firstName":"Bartholemy","lastName":"Cotillard","email":"bcotillard2v@jalbum.net","location":"93781 Doe Crossing Center","registeredOn":"2020-07-18T20:59:00Z","phone":"7955786965","password":"aa","_id":{"$oid":"60812b97fc13ae5bb6000ac1"}},
{"firstName":"Gar","lastName":"Patience","email":"gpatience2w@ebay.co.uk","location":"09 Holy Cross Park","registeredOn":"2020-06-09T13:11:47Z","phone":"4658032927","password":"aa","_id":{"$oid":"60812b97fc13ae5bb6000ac2"}},
{"firstName":"Mace","lastName":"Calfe","email":"mcalfe2x@macromedia.com","location":"4597 Acker Trail","registeredOn":"2020-11-01T05:19:25Z","phone":"8276451995","password":"aa","_id":{"$oid":"60812b97fc13ae5bb6000ac3"}},
{"firstName":"Tris","lastName":"Derkes","email":"tderkes2y@discuz.net","location":"446 Vahlen Pass","registeredOn":"2021-02-28T06:41:35Z","phone":"9565331061","password":"aa","_id":{"$oid":"60812b97fc13ae5bb6000ac4"}},
{"firstName":"Yuri","lastName":"Franzewitch","email":"yfranzewitch2z@flickr.com","location":"274 Meadow Valley Park","registeredOn":"2021-01-10T06:50:25Z","phone":"1872065164","password":"aa","_id":{"$oid":"60812b97fc13ae5bb6000ac5"}},
{"firstName":"Brien","lastName":"Whistlecraft","email":"bwhistlecraft30@oakley.com","location":"26650 Ludington Street","registeredOn":"2021-02-11T00:16:11Z","phone":"1476070506","password":"aa","_id":{"$oid":"60812b97fc13ae5bb6000ac6"}},
{"firstName":"Rowen","lastName":"Hellyer","email":"rhellyer31@google.it","location":"96 Sundown Street","registeredOn":"2020-09-25T18:08:30Z","phone":"6354004676","password":"aa","_id":{"$oid":"60812b97fc13ae5bb6000ac7"}},
{"firstName":"Tallie","lastName":"Jaray","email":"tjaray32@princeton.edu","location":"359 Hudson Road","registeredOn":"2021-04-05T19:05:27Z","phone":"1106483899","password":"aa","_id":{"$oid":"60812b97fc13ae5bb6000ac8"}},
{"firstName":"Jeth","lastName":"M'cowis","email":"jmcowis33@google.de","location":"67460 Nelson Drive","registeredOn":"2020-09-26T17:40:35Z","phone":"8245932111","password":"aa","_id":{"$oid":"60812b97fc13ae5bb6000ac9"}},
{"firstName":"Rafael","lastName":"Newlan","email":"rnewlan34@stanford.edu","location":"2 Buena Vista Place","registeredOn":"2020-07-20T02:58:18Z","phone":"2046930152","password":"aa","_id":{"$oid":"60812b97fc13ae5bb6000aca"}},
{"firstName":"Leighton","lastName":"Fluger","email":"lfluger35@house.gov","location":"27 Reinke Junction","registeredOn":"2021-02-01T15:46:40Z","phone":"1363656339","password":"aa","_id":{"$oid":"60812b97fc13ae5bb6000acb"}},
{"firstName":"Mathe","lastName":"Gilchrist","email":"mgilchrist36@prnewswire.com","location":"3 Graedel Street","registeredOn":"2020-10-03T04:01:35Z","phone":"4608672335","password":"aa","_id":{"$oid":"60812b97fc13ae5bb6000acc"}},
{"firstName":"Kain","lastName":"Brown","email":"kbrown37@vinaora.com","location":"2 Springview Terrace","registeredOn":"2020-12-12T15:32:41Z","phone":"9497068989","password":"aa","_id":{"$oid":"60812b97fc13ae5bb6000acd"}},
{"firstName":"Yardley","lastName":"Luggar","email":"yluggar38@odnoklassniki.ru","location":"95853 Derek Court","registeredOn":"2021-01-14T01:50:10Z","phone":"4136642345","password":"aa","_id":{"$oid":"60812b97fc13ae5bb6000ace"}},
{"firstName":"Ximenez","lastName":"Normanvill","email":"xnormanvill39@123-reg.co.uk","location":"0 Gale Point","registeredOn":"2020-05-26T08:45:42Z","phone":"4121698828","password":"aa","_id":{"$oid":"60812b97fc13ae5bb6000acf"}},
{"firstName":"Fairleigh","lastName":"Rhule","email":"frhule3a@plala.or.jp","location":"3216 Knutson Parkway","registeredOn":"2020-11-16T03:55:43Z","phone":"9614045455","password":"aa","_id":{"$oid":"60812b97fc13ae5bb6000ad0"}},
{"firstName":"Wolfy","lastName":"Rayworth","email":"wrayworth3b@drupal.org","location":"1569 Summerview Junction","registeredOn":"2020-08-23T12:19:03Z","phone":"6459829064","password":"aa","_id":{"$oid":"60812b97fc13ae5bb6000ad1"}},
{"firstName":"Pierre","lastName":"Rashleigh","email":"prashleigh3c@theglobeandmail.com","location":"7 Menomonie Pass","registeredOn":"2020-05-01T00:55:21Z","phone":"7239929620","password":"aa","_id":{"$oid":"60812b97fc13ae5bb6000ad2"}},
{"firstName":"Ferdy","lastName":"Kaaskooper","email":"fkaaskooper3d@addtoany.com","location":"824 Jenifer Point","registeredOn":"2020-10-03T18:18:22Z","phone":"7937063156","password":"aa","_id":{"$oid":"60812b97fc13ae5bb6000ad3"}},
{"firstName":"Linc","lastName":"Sterman","email":"lsterman3e@smh.com.au","location":"4475 North Park","registeredOn":"2020-11-28T09:56:20Z","phone":"1174494162","password":"aa","_id":{"$oid":"60812b97fc13ae5bb6000ad4"}},
{"firstName":"Rainer","lastName":"MacDunleavy","email":"rmacdunleavy3f@360.cn","location":"54 Hoffman Circle","registeredOn":"2020-10-28T10:40:51Z","phone":"9564133976","password":"aa","_id":{"$oid":"60812b97fc13ae5bb6000ad5"}},
{"firstName":"Mikel","lastName":"Lamberto","email":"mlamberto3g@hao123.com","location":"87 Ohio Terrace","registeredOn":"2020-11-11T04:46:17Z","phone":"9692868630","password":"aa","_id":{"$oid":"60812b97fc13ae5bb6000ad6"}},
{"firstName":"Charley","lastName":"Stroban","email":"cstroban3h@wunderground.com","location":"78385 Warbler Terrace","registeredOn":"2020-12-30T13:30:04Z","phone":"8075362044","password":"aa","_id":{"$oid":"60812b98fc13ae5bb6000ad7"}},
{"firstName":"Adelbert","lastName":"Kleinplac","email":"akleinplac3i@miitbeian.gov.cn","location":"30 Lighthouse Bay Hill","registeredOn":"2021-01-05T02:33:05Z","phone":"9881333867","password":"aa","_id":{"$oid":"60812b98fc13ae5bb6000ad8"}},
{"firstName":"Lorens","lastName":"Furphy","email":"lfurphy3j@msn.com","location":"9 Little Fleur Pass","registeredOn":"2021-02-02T21:57:33Z","phone":"8013767019","password":"aa","_id":{"$oid":"60812b98fc13ae5bb6000ad9"}},
{"firstName":"Maxy","lastName":"Cahillane","email":"mcahillane3k@adobe.com","location":"44 Green Ridge Parkway","registeredOn":"2021-02-11T21:38:26Z","phone":"9332662643","password":"aa","_id":{"$oid":"60812b98fc13ae5bb6000ada"}},
{"firstName":"Hailey","lastName":"Trousdell","email":"htrousdell3l@yandex.ru","location":"626 Laurel Pass","registeredOn":"2020-12-24T00:33:27Z","phone":"9774351301","password":"aa","_id":{"$oid":"60812b98fc13ae5bb6000adb"}},
{"firstName":"Tabor","lastName":"Schimmang","email":"tschimmang3m@purevolume.com","location":"34910 Blue Bill Park Alley","registeredOn":"2020-06-26T00:09:37Z","phone":"1414147365","password":"aa","_id":{"$oid":"60812b98fc13ae5bb6000adc"}},
{"firstName":"Zach","lastName":"Huish","email":"zhuish3n@zimbio.com","location":"4318 Novick Street","registeredOn":"2020-06-21T07:10:27Z","phone":"9449985819","password":"aa","_id":{"$oid":"60812b98fc13ae5bb6000add"}},
{"firstName":"Averill","lastName":"Labusquiere","email":"alabusquiere3o@illinois.edu","location":"47 Center Road","registeredOn":"2020-12-30T03:03:01Z","phone":"6827705665","password":"aa","_id":{"$oid":"60812b98fc13ae5bb6000ade"}},
{"firstName":"Olenolin","lastName":"Bonicelli","email":"obonicelli3p@xing.com","location":"061 Logan Drive","registeredOn":"2020-05-01T01:33:47Z","phone":"7037959753","password":"aa","_id":{"$oid":"60812b98fc13ae5bb6000adf"}},
{"firstName":"Yancy","lastName":"Abel","email":"yabel3q@about.com","location":"72 Clarendon Road","registeredOn":"2021-01-06T14:09:50Z","phone":"9043836730","password":"aa","_id":{"$oid":"60812b98fc13ae5bb6000ae0"}},
{"firstName":"Benito","lastName":"Stickells","email":"bstickells3r@ifeng.com","location":"10 Hagan Street","registeredOn":"2020-06-02T05:39:52Z","phone":"9815468282","password":"aa","_id":{"$oid":"60812b98fc13ae5bb6000ae1"}},
{"firstName":"Patsy","lastName":"Dadds","email":"pdadds3s@ihg.com","location":"10 Green Place","registeredOn":"2020-06-28T18:50:59Z","phone":"6084306272","password":"aa","_id":{"$oid":"60812b98fc13ae5bb6000ae2"}},
{"firstName":"Staffard","lastName":"Simner","email":"ssimner3t@howstuffworks.com","location":"84 Eastlawn Plaza","registeredOn":"2020-05-26T01:43:23Z","phone":"1076481423","password":"aa","_id":{"$oid":"60812b98fc13ae5bb6000ae3"}},
{"firstName":"Gawain","lastName":"McTiernan","email":"gmctiernan3u@skype.com","location":"70 Hansons Court","registeredOn":"2021-01-22T00:17:42Z","phone":"6461958496","password":"aa","_id":{"$oid":"60812b98fc13ae5bb6000ae4"}},
{"firstName":"Renault","lastName":"Kleingrub","email":"rkleingrub3v@microsoft.com","location":"89 Heffernan Street","registeredOn":"2020-06-11T10:01:30Z","phone":"6969358521","password":"aa","_id":{"$oid":"60812b98fc13ae5bb6000ae5"}},
{"firstName":"Moore","lastName":"Vernall","email":"mvernall3w@discovery.com","location":"50 Main Court","registeredOn":"2020-08-06T00:09:30Z","phone":"9833200954","password":"aa","_id":{"$oid":"60812b98fc13ae5bb6000ae6"}},
{"firstName":"Arri","lastName":"Bollins","email":"abollins3x@netlog.com","location":"9457 Maple Park","registeredOn":"2021-03-16T03:08:01Z","phone":"3572094734","password":"aa","_id":{"$oid":"60812b98fc13ae5bb6000ae7"}},
{"firstName":"Reinhold","lastName":"Marwood","email":"rmarwood3y@vistaprint.com","location":"81 Pawling Hill","registeredOn":"2020-11-25T06:46:43Z","phone":"9544758920","password":"aa","_id":{"$oid":"60812b98fc13ae5bb6000ae8"}},
{"firstName":"Mitch","lastName":"Dubery","email":"mdubery3z@amazon.com","location":"0370 Judy Trail","registeredOn":"2021-03-17T04:18:21Z","phone":"7608863918","password":"aa","_id":{"$oid":"60812b98fc13ae5bb6000ae9"}},
{"firstName":"Gerek","lastName":"Poag","email":"gpoag40@senate.gov","location":"47107 Cardinal Junction","registeredOn":"2020-07-21T22:47:03Z","phone":"5308917506","password":"aa","_id":{"$oid":"60812b98fc13ae5bb6000aea"}},
{"firstName":"Whit","lastName":"O'Loughane","email":"woloughane41@salon.com","location":"24352 Merry Terrace","registeredOn":"2020-08-22T04:39:08Z","phone":"1942466651","password":"aa","_id":{"$oid":"60812b98fc13ae5bb6000aeb"}},
{"firstName":"Orland","lastName":"Maccrie","email":"omaccrie42@buzzfeed.com","location":"3780 Arrowood Way","registeredOn":"2020-09-29T04:39:35Z","phone":"8461378069","password":"aa","_id":{"$oid":"60812b98fc13ae5bb6000aec"}},
{"firstName":"Adair","lastName":"Valeri","email":"avaleri43@tuttocitta.it","location":"204 Mandrake Center","registeredOn":"2020-11-30T01:18:27Z","phone":"2304176409","password":"aa","_id":{"$oid":"60812b98fc13ae5bb6000aed"}},
{"firstName":"Price","lastName":"Beau","email":"pbeau44@cbslocal.com","location":"473 Quincy Way","registeredOn":"2021-03-08T04:29:23Z","phone":"8044882980","password":"aa","_id":{"$oid":"60812b98fc13ae5bb6000aee"}},
{"firstName":"Horton","lastName":"Cucuzza","email":"hcucuzza45@bigcartel.com","location":"2 Reindahl Parkway","registeredOn":"2020-06-27T20:56:55Z","phone":"1245167833","password":"aa","_id":{"$oid":"60812b98fc13ae5bb6000aef"}}]